<?xml version="1.0" encoding="UTF-8"?>
<beans xmlns="http://www.springframework.org/schema/beans"
	xmlns:mvc="http://www.springframework.org/schema/mvc" xmlns:context="http://www.springframework.org/schema/context"
	xmlns:xsi="http://www.w3.org/2001/XMLSchema-instance"
	xsi:schemaLocation="
        http://www.springframework.org/schema/beans     
        http://www.springframework.org/schema/beans/spring-beans.xsd
        http://www.springframework.org/schema/mvc 
        http://www.springframework.org/schema/mvc/spring-mvc.xsd
        http://www.springframework.org/schema/context 
        http://www.springframework.org/schema/context/spring-context.xsd">

	<context:component-scan base-package="com.itclass" />
	<mvc:annotation-driven />

	<bean
		class="org.springframework.web.servlet.view.InternalResourceViewResolver">
		<property name="prefix">
			<value>/WEB-INF/views/</value>
		</property>
		<property name="suffix">
			<value>.jsp</value>
		</property>
	</bean>
	
</beans>







<!--  
	http://www.baeldung.com/spring-httpmessageconverter-rest 
	<bean id="jsonConverter" class="org.springframework.http.converter.json.MappingJackson2HttpMessageConverter">
        <property name="prefixJson" value="false"/>
        <property name="supportedMediaTypes" value="application/json"/>
    </bean>-->
    
	<!-- <bean id="viewResolver" class="org.springframework.web.servlet.view.UrlBasedViewResolver"> 
		<property name="viewClass" value="org.springframework.web.servlet.view.JstlView" 
		/> <property name="prefix" value="/WEB-INF/views/" /> <property name="suffix" 
		value=".jsp" /> </bean> -->